name,owner,language,stars,forks,watchers,open_issues,created_date,updated_date,license
tensorflow,tensorflow,C++,197626,76143,197626,2936,2015-11-07,2026-08-26,Apache License 2.0
transformers,huggingface,Python,164463,34373,164463,2406,2018-10-29,2026-08-26,Apache License 2.0
ML-For-Beginners,microsoft,Jupyter Notebook,89819,22090,89819,13,2021-03-03,2026-08-26,MIT License
funNLP,fighting41love,Python,82689,15278,82689,52,2018-08-21,2026-08-26,Unknown
awesome-machine-learning,josephmisiti,Python,74169,15630,74169,28,2014-07-15,2026-08-26,Other
scikit-learn,scikit-learn,Python,67061,27316,67061,2123,2010-08-17,2026-08-26,"BSD 3-Clause ""New"" or ""Revised"" License"
gradio,gradio-app,Python,43426,3580,43426,166,2018-12-19,2026-08-26,Apache License 2.0
500-AI-Machine-learning-Deep-learning-Computer-vision-NLP-Projects-with-code,ashishpatel26,Unknown,36556,7473,36556,68,2021-01-02,2026-08-26,Unknown
C-Plus-Plus,TheAlgorithms,C++,34608,7852,34608,28,2016-07-16,2026-08-26,MIT License
netron,lutzroeder,JavaScript,33405,3178,33405,19,2010-12-26,2026-08-26,MIT License
ML-From-Scratch,eriklindernoren,Python,32527,5432,32527,77,2017-02-05,2026-08-26,MIT License
applied-ml,eugeneyan,Unknown,30085,3991,30085,8,2020-07-04,2026-08-26,MIT License
machine-learning-for-software-engineers,ZuzooVn,Unknown,28864,6146,28864,32,2016-10-09,2026-08-26,Creative Commons Attribution Share Alike 4.0 International
linkedin-skill-assessments-quizzes,Ebazhanov,Python,28811,12901,28811,21,2019-07-13,2026-08-26,GNU Affero General Public License v3.0
cs249r_book,harvard-edge,Python,28007,3535,28007,27,2023-09-06,2026-08-26,Other
shap,shap,Jupyter Notebook,25704,3747,25704,1009,2016-11-22,2026-08-26,MIT License
homemade-machine-learning,trekhleb,Jupyter Notebook,24780,4193,24780,30,2018-11-01,2026-08-26,MIT License
Paddle,PaddlePaddle,C++,24062,6018,24062,1503,2016-08-15,2026-08-26,Apache License 2.0
best-of-ml-python,lukasmasuch,Unknown,23731,3147,23731,54,2020-11-29,2026-08-26,Creative Commons Attribution Share Alike 4.0 International
C,TheAlgorithms,C,22348,4769,22348,19,2016-07-16,2026-08-26,GNU General Public License v3.0
onnx,onnx,Python,21362,4011,21362,288,2017-09-07,2026-08-26,Apache License 2.0
rasa,RasaHQ,Python,21304,4919,21304,154,2016-10-14,2026-08-26,Apache License 2.0
video2x,k4yt3x,C++,21248,1836,21248,131,2018-02-24,2026-08-26,GNU Affero General Public License v3.0
awesome-production-machine-learning,EthicalML,Unknown,20868,2592,20868,31,2018-08-15,2026-08-26,MIT License
machine-learning-for-trading,stefan-jansen,Jupyter Notebook,20657,5564,20657,16,2018-05-09,2026-08-26,MIT License
stanford-cs-229-machine-learning,afshinea,Unknown,20161,4254,20161,20,2018-08-04,2026-08-26,MIT License
ml-agents,Unity-Technologies,C#,19645,4484,19645,20,2017-09-08,2026-08-26,Other
ml-engineering,stas00,Python,18714,1207,18714,4,2020-09-02,2026-08-26,Creative Commons Attribution Share Alike 4.0 International
LightGBM,lightgbm-org,C++,18714,4057,18714,514,2016-08-05,2026-08-26,MIT License
Machine-Learning-Tutorials,ujjwalkarn,Unknown,18141,3970,18141,47,2015-09-12,2026-08-26,Creative Commons Zero v1.0 Universal
ML-NLP,NLP-LOVE,Jupyter Notebook,17799,4625,17799,36,2019-07-05,2026-08-26,Unknown
brpc,apache,C++,17594,4138,17594,464,2017-09-04,2026-08-26,Apache License 2.0
ML-YouTube-Courses,dair-ai,Unknown,17383,2126,17383,21,2021-06-25,2026-08-26,Creative Commons Zero v1.0 Universal
numpy-ml,ddbourgin,Python,16330,3742,16330,47,2019-04-06,2026-08-26,GNU General Public License v3.0
transformers.js,huggingface,JavaScript,16268,1184,16268,274,2023-02-13,2026-08-26,Apache License 2.0
mml-book.github.io,mml-book,Jupyter Notebook,15929,2854,15929,197,2017-12-08,2026-08-26,Unknown
kubeflow,kubeflow,Unknown,15832,2690,15832,0,2017-11-30,2026-08-26,Apache License 2.0
cheatsheets-ai,kailashahirwar,Unknown,15426,3372,15426,12,2017-05-24,2026-08-26,MIT License
ggml,ggml-org,C++,15236,1791,15236,351,2022-09-18,2026-08-26,MIT License
Qix,ty4z2008,Unknown,15193,4574,15193,0,2014-04-20,2026-08-26,Other
imgaug,aleju,Python,14741,2451,14741,311,2015-07-10,2026-08-25,MIT License
bullet3,bulletphysics,C++,14699,3090,14699,424,2011-04-12,2026-08-26,Other
ChatterBot,gunthercox,Python,14508,4421,14508,72,2014-09-28,2026-08-25,"BSD 3-Clause ""New"" or ""Revised"" License"
dlib,davisking,C++,14431,3441,14431,38,2014-01-29,2026-08-26,Boost Software License 1.0
nni,microsoft,Python,14361,1850,14361,415,2018-06-01,2026-08-26,MIT License
mit-deep-learning-book-pdf,janishar,Java,14212,2908,14212,12,2017-04-07,2026-08-26,Unknown
ivy,unifyai,Python,14172,5457,14172,985,2021-01-19,2026-08-25,Other
machine-learning-zoomcamp,DataTalksClub,Jupyter Notebook,14029,3109,14029,3,2020-04-17,2026-08-26,Unknown
handson-ml3,ageron,Jupyter Notebook,14009,5266,14009,107,2022-02-19,2026-08-26,Apache License 2.0
tvm,apache,Python,13691,3959,13691,245,2016-10-12,2026-08-26,Apache License 2.0
Ai-Learn,tangyudi,Unknown,13286,2674,13286,20,2020-01-28,2026-08-26,Unknown
deep-learning-drizzle,kmario23,HTML,12933,2988,12933,5,2018-11-26,2026-08-26,Unknown
machine-learning-interview,khangich,Unknown,12795,2045,12795,9,2020-08-11,2026-08-25,Unknown
python-machine-learning-book,rasbt,Jupyter Notebook,12643,4373,12643,13,2015-08-07,2026-08-24,MIT License
predictionio,apache,Scala,12518,1897,12518,80,2013-01-25,2026-08-21,Apache License 2.0
lime,marcotcr,JavaScript,12164,1847,12164,133,2016-03-15,2026-08-26,"BSD 2-Clause ""Simplified"" License"
cleanlab,cleanlab,Python,11634,917,11634,122,2018-05-11,2026-08-25,Apache License 2.0
dive-into-machine-learning,dive-into-machine-learning,Unknown,11390,1866,11390,0,2015-02-22,2026-08-20,Creative Commons Attribution 4.0 International
MLAlgorithms,rushter,Python,11170,1768,11170,10,2016-10-05,2026-08-26,MIT License
turicreate,apple,C++,11159,1118,11159,522,2017-12-01,2026-08-23,"BSD 3-Clause ""New"" or ""Revised"" License"
amazon-sagemaker-examples,aws,Jupyter Notebook,10980,6961,10980,849,2017-10-23,2026-08-26,Apache License 2.0
A-Curated-List-of-ML-System-Design-Case-Studies,Engineer1999,Unknown,10957,1681,10957,7,2024-05-18,2026-08-26,Unknown
dolly,databrickslabs,Python,10804,1139,10804,5,2023-03-24,2026-08-26,Apache License 2.0
doccano,doccano,Python,10757,1826,10757,398,2018-05-09,2026-08-26,MIT License
mlcourse.ai,Yorko,Python,10694,5696,10694,3,2017-02-27,2026-08-26,Other
machine-learning-systems-design,chiphuyen,HTML,10551,1634,10551,11,2019-11-24,2026-08-26,Unknown
Machine-Learning,Jack-Cherish,Python,10378,5065,10378,7,2017-03-25,2026-08-26,Unknown
machine-learning-notes,roboticcam,Jupyter Notebook,10344,1826,10344,28,2018-02-15,2026-08-26,Unknown
3D-Machine-Learning,timzhang642,Unknown,10192,1798,10192,21,2017-08-12,2026-08-25,Unknown
tpot,EpistasisLab,Jupyter Notebook,10052,1563,10052,312,2015-11-03,2026-08-26,GNU Lesser General Public License v3.0
sktime,sktime,Python,9965,2306,9965,2398,2018-11-06,2026-08-26,"BSD 3-Clause ""New"" or ""Revised"" License"
Stock-Prediction-Models,huseinzol05,Jupyter Notebook,9480,3046,9480,47,2017-12-18,2026-08-25,Apache License 2.0
AIMLInterviews,alirezadir,Jupyter Notebook,9473,1668,9473,11,2021-01-31,2026-08-26,MIT License
cog,replicate,Go,9463,696,9463,72,2021-02-26,2026-08-26,Apache License 2.0
golearn,sjwhitworth,Go,9439,1164,9439,89,2013-12-26,2026-08-26,MIT License
machinelearning,dotnet,C#,9351,1950,9351,1008,2018-05-03,2026-08-25,MIT License
awesome-ml-for-cybersecurity,jivoi,Unknown,9325,1939,9325,31,2016-12-20,2026-08-26,Other
awesome-project-ideas,NirantK,Unknown,9290,1292,9290,7,2017-08-19,2026-08-26,MIT License
catboost,catboost,C++,9077,1323,9077,713,2017-07-18,2026-08-26,Apache License 2.0
machine_learning_examples,lazyprogrammer,Python,8916,6402,8916,33,2014-07-31,2026-08-25,Unknown
state-of-the-art-result-for-machine-learning-problems,RedditSota,Unknown,8892,1293,8892,14,2017-11-09,2026-08-26,Apache License 2.0
pattern,clips,Python,8860,1556,8860,179,2011-05-03,2026-08-26,"BSD 3-Clause ""New"" or ""Revised"" License"
financial-machine-learning,firmai,Python,8762,1410,8762,15,2019-03-21,2026-08-26,Unknown
vowpal_wabbit,VowpalWabbit,C++,8706,1926,8706,2,2009-07-31,2026-08-25,Other
machinelearning,ljpzzz,Jupyter Notebook,8705,3684,8705,17,2016-05-12,2026-08-26,MIT License
MachineLearning_Python,lawlite19,Python,8584,2515,8584,10,2016-10-17,2026-08-26,MIT License
Machine-Learning-Collection,aladdinpersson,Python,8488,2784,8488,118,2020-03-26,2026-08-25,MIT License
approachingalmost,abhishekkrthakur,Unknown,8373,1122,8373,54,2020-07-04,2026-08-22,Unknown
introduction_to_ml_with_python,amueller,Jupyter Notebook,8160,4670,8160,28,2016-05-29,2026-08-26,Unknown
auto-sklearn,automl,Python,8126,1324,8126,207,2015-07-02,2026-08-24,"BSD 3-Clause ""New"" or ""Revised"" License"
machine-learning-cheat-sheet,soulmachine,TeX,8045,1332,8045,11,2013-05-09,2026-08-26,Unknown
cortex,cortexlabs,Go,8011,594,8011,132,2019-01-24,2026-08-20,Apache License 2.0
machine-learning-roadmap,mrdbourke,Unknown,7894,1168,7894,12,2020-07-09,2026-08-24,MIT License
machine-learning-yearning-cn,deeplearning-ai,CSS,7845,1499,7845,4,2018-06-19,2026-08-23,Other
Machine-Learning-Specialization-Coursera,greyhatguy007,Jupyter Notebook,7819,3730,7819,26,2022-06-16,2026-08-26,MIT License
Machine-learning-learning-notes,Vay-keen,Unknown,7764,1880,7764,28,2018-03-24,2026-08-26,Unknown
awesome-youtubers,JoseDeFreitas,Markdown,7753,499,7753,2,2020-08-25,2026-08-26,Creative Commons Zero v1.0 Universal
Learn_Machine_Learning_in_3_Months,llSourcell,Unknown,7600,2311,7600,19,2018-03-02,2026-08-26,Unknown
h2o-3,h2oai,Jupyter Notebook,7494,2025,7494,2883,2014-03-03,2026-08-26,Apache License 2.0
industry-machine-learning,firmai,Jupyter Notebook,7486,1249,7486,3,2019-05-03,2026-08-26,Unknown
